1,google.com
2,youtube.com
3,tmall.com
4,baidu.com
5,qq.com
6,sohu.com
7,taobao.com
8,facebook.com
9,login.tmall.com
10,wikipedia.org
11,yahoo.com
12,360.cn
13,jd.com
14,amazon.com
15,weibo.com
16,sina.com.cn
17,live.com
18,pages.tmall.com
19,reddit.com
20,vk.com
21,blogspot.com
22,office.com
23,alipay.com
24,netflix.com
25,apple.com
26,okezone.com
27,csdn.net
28,xinhuanet.com
29,yahoo.co.jp
30,google.com.hk
31,babytree.com
32,microsoft.com
33,instagram.com
34,bing.com
35,naver.com
36,livejasmin.com
37,stackoverflow.com
38,ebay.com
39,twitter.com
40,microsoftonline.com
41,tribunnews.com
42,aliexpress.com
43,google.co.in
44,amazon.co.jp
45,force.com
46,tianya.cn
47,msn.com
48,twitch.tv
49,pornhub.com
50,wordpress.com
51,yandex.ru
52,dropbox.com
53,adobe.com
54,soso.com
55,linkedin.com
56,mail.ru
57,panda.tv
58,amazon.in
59,caijing.com.cn
60,zhanqi.tv
61,imdb.com
62,china.com.cn
63,google.com.br
64,mama.cn
65,google.de
66,google.co.jp
67,booking.com
68,espn.com
69,hao123.com
70,amazonaws.com
71,myshopify.com
72,xvideos.com
73,medium.com
74,canva.com
75,blogger.com
76,spotify.com
77,bongacams.com
78,so.com
79,rakuten.co.jp
80,tumblr.com
81,detail.tmall.com
82,detik.com
83,chase.com
84,rednet.cn
85,bbc.com
86,ok.ru
87,indeed.com
88,amazon.de
89,fandom.com
90,amazon.co.uk
91,google.ru
92,cnn.com
93,huanqiu.com
94,soundcloud.com
95,pixnet.net
96,sogou.com
97,bbc.co.uk
98,xhamster.com
99,onlinesbi.com
100,google.fr
101,google.cn
102,github.com
103,yy.com
104,nytimes.com
105,whatsapp.com
106,stackexchange.com
107,cnet.com
108,paypal.com
109,ettoday.net
110,google.it
111,thestartmagazine.com
112,aparat.com
113,instructure.com
114,shutterstock.com
115,nih.gov
116,fiverr.com
117,slideshare.net
118,1688.com
119,walmart.com
120,pinterest.com
121,google.com.tw
122,google.com.mx
123,google.es
124,flipkart.com
125,salesforce.com
126,wetransfer.com
127,uol.com.br
128,imgur.com
129,freepik.com
130,wikihow.com
131,roblox.com
132,office365.com
133,google.co.uk
134,kompas.com
135,indiatimes.com
136,cnblogs.com
137,zendesk.com
138,17ok.com
139,theguardian.com
140,craigslist.org
141,daum.net
142,yao.tmall.com
143,liputan6.com
144,jrj.com.cn
145,bilibili.com
146,discordapp.com
147,mercadolivre.com.br
148,t.co
149,alibaba.com
150,google.com.tr
151,udemy.com
152,etsy.com
153,ebay.de
154,google.com.sg
155,vimeo.com
156,okta.com
157,mediafire.com
158,ltn.com.tw
159,avito.ru
160,pixabay.com
161,sindonews.com
162,intuit.com
163,archive.org
164,savefrom.net
165,aliyun.com
166,gome.com.cn
167,grammarly.com
168,digikala.com
169,line.me
170,vice.com
171,patria.org.ve
172,w3schools.com
173,zillow.com
174,researchgate.net
175,xnxx.com
176,globo.com
177,scribd.com
178,nicovideo.jp
179,taboola.com
180,google.com.sa
181,ask.com
182,zhihu.com
183,google.ca
184,washingtonpost.com
185,wellsfargo.com
186,forbes.com
187,speedtest.net
188,godaddy.com
189,duckduckgo.com
190,6.cn
191,telegram.org
192,ladbible.com
193,amazon.it
194,bet9ja.com
195,metropoles.com
196,jiameng.com
197,google.com.eg
198,setn.com
199,amazon.fr
200,wix.com
201,thepiratebay.org
202,academia.edu
203,trello.com
204,amazon.ca
205,google.com.ar
206,bestbuy.com
207,google.co.id
208,mozilla.org
209,chouftv.ma
210,grid.id
211,evernote.com
212,quora.com
213,ilovepdf.com
214,smallpdf.com
215,businessinsider.com
216,hdfcbank.com
217,momoshop.com.tw
218,eastday.com
219,google.co.th
220,messenger.com
221,ups.com
222,gmw.cn
223,unsplash.com
224,nianhuo.tmall.com
225,baike.com
226,healthline.com
227,youm7.com
228,varzesh3.com
229,uniqlo.tmall.com
230,box.com
231,airbnb.com
232,sberbank.ru
233,capitalone.com
234,amazon.es
235,skype.com
236,3c.tmall.com
237,google.co.kr
238,thesaurus.com
239,163.com
240,hotstar.com
241,foxnews.com
242,ebay.co.uk
243,larati.net
244,quizlet.com
245,dailymotion.com
246,primevideo.com
247,fc2.com
248,reverso.net
249,fedex.com
250,zoom.us